[
  {
    "name": "Art F City",
    "url":  "http://artfcity.com/feed"
  },
  {
    "name": "Hyperallergic",
    "url":  "http://feeds.hyperallergic.com/hyperallergic"
  },
  {
    "name": "Artforum",
    "url":  "http://artforum.com/rss.xml"
  },
  {
    "name": "e-flux",
    "url": "http://www.e-flux.com/category/announcements/feed/"
  },
  {
    "name": "booooooom",
    "url": "http://www.booooooom.com/feed/"
  },
  {
    "name": "Bad At Sports",
    "url": "http://badatsports.com/feed/"
  },
  {
    "name": "This is Collossal",
    "url": "http://www.thisiscolossal.com/feed/"
  },
  {
    "name": "Eyebeam",
    "url": "http://eyebeam.org/subscribe/full.xml"
  }
]
